{
  "total_examples": 514,
  "has_error_accuracy": 0.8696498054474708,
  "error_step_accuracy": 0.8696498054474708,
  "joint_accuracy": 0.8696498054474708,
  "by_difficulty": {
    "easy": {
      "total_examples": 131,
      "has_error_accuracy": 0.9618320610687023,
      "error_step_accuracy": 0.9618320610687023,
      "joint_accuracy": 0.9618320610687023
    },
    "expert": {
      "total_examples": 124,
      "has_error_accuracy": 0.8225806451612904,
      "error_step_accuracy": 0.8225806451612904,
      "joint_accuracy": 0.8225806451612904
    },
    "hard": {
      "total_examples": 118,
      "has_error_accuracy": 0.8728813559322034,
      "error_step_accuracy": 0.8728813559322034,
      "joint_accuracy": 0.8728813559322034
    },
    "medium": {
      "total_examples": 141,
      "has_error_accuracy": 0.8226950354609929,
      "error_step_accuracy": 0.8226950354609929,
      "joint_accuracy": 0.8226950354609929
    }
  },
  "model": "gpt-5.4",
  "provider": "openai",
  "api_model": "gpt-5.4",
  "input_path": "/Users/huydang/Emoji-Bench/artifacts/emoji-bench-mixed-2000/test.jsonl",
  "output_dir": "/Users/huydang/Emoji-Bench/artifacts/evals/emoji-bench-mixed-2000-gpt-5-4/shard-02-of-04",
  "predictions_path": "/Users/huydang/Emoji-Bench/artifacts/evals/emoji-bench-mixed-2000-gpt-5-4/shard-02-of-04/predictions.jsonl",
  "num_shards": 4,
  "shard_index": 2,
  "shard_label": "shard-02-of-04",
  "shard_total_examples": 514
}
