{
  "total_examples": 463,
  "has_error_accuracy": 0.6349892008639308,
  "error_step_accuracy": 0.47300215982721383,
  "joint_accuracy": 0.47300215982721383,
  "by_difficulty": {
    "easy": {
      "total_examples": 101,
      "has_error_accuracy": 0.7425742574257426,
      "error_step_accuracy": 0.504950495049505,
      "joint_accuracy": 0.504950495049505
    },
    "expert": {
      "total_examples": 132,
      "has_error_accuracy": 0.5984848484848485,
      "error_step_accuracy": 0.4772727272727273,
      "joint_accuracy": 0.4772727272727273
    },
    "hard": {
      "total_examples": 118,
      "has_error_accuracy": 0.5508474576271186,
      "error_step_accuracy": 0.4322033898305085,
      "joint_accuracy": 0.4322033898305085
    },
    "medium": {
      "total_examples": 112,
      "has_error_accuracy": 0.6696428571428571,
      "error_step_accuracy": 0.48214285714285715,
      "joint_accuracy": 0.48214285714285715
    }
  },
  "model": "mistral-medium-2508",
  "provider": "mistral",
  "api_model": "mistral-medium-2508",
  "input_path": "/Users/huydang/Emoji-Bench/artifacts/emoji-bench-mixed-2000/test.jsonl",
  "output_dir": "/Users/huydang/Emoji-Bench/artifacts/evals/emoji-bench-mixed-2000-mistral-medium-2508/shard-03-of-04",
  "predictions_path": "/Users/huydang/Emoji-Bench/artifacts/evals/emoji-bench-mixed-2000-mistral-medium-2508/shard-03-of-04/predictions.jsonl",
  "num_shards": 4,
  "shard_index": 3,
  "shard_label": "shard-03-of-04",
  "shard_total_examples": 463
}
