{
  "total_examples": 519,
  "has_error_accuracy": 0.8709055876685935,
  "error_step_accuracy": 0.8709055876685935,
  "joint_accuracy": 0.8709055876685935,
  "by_difficulty": {
    "easy": {
      "total_examples": 134,
      "has_error_accuracy": 0.9552238805970149,
      "error_step_accuracy": 0.9552238805970149,
      "joint_accuracy": 0.9552238805970149
    },
    "expert": {
      "total_examples": 132,
      "has_error_accuracy": 0.8106060606060606,
      "error_step_accuracy": 0.8106060606060606,
      "joint_accuracy": 0.8106060606060606
    },
    "hard": {
      "total_examples": 132,
      "has_error_accuracy": 0.8181818181818182,
      "error_step_accuracy": 0.8181818181818182,
      "joint_accuracy": 0.8181818181818182
    },
    "medium": {
      "total_examples": 121,
      "has_error_accuracy": 0.9008264462809917,
      "error_step_accuracy": 0.9008264462809917,
      "joint_accuracy": 0.9008264462809917
    }
  },
  "model": "gpt-5.4",
  "provider": "openai",
  "api_model": "gpt-5.4",
  "input_path": "/Users/huydang/Emoji-Bench/artifacts/emoji-bench-mixed-2000/test.jsonl",
  "output_dir": "/Users/huydang/Emoji-Bench/artifacts/evals/emoji-bench-mixed-2000-gpt-5-4/shard-01-of-04",
  "predictions_path": "/Users/huydang/Emoji-Bench/artifacts/evals/emoji-bench-mixed-2000-gpt-5-4/shard-01-of-04/predictions.jsonl",
  "num_shards": 4,
  "shard_index": 1,
  "shard_label": "shard-01-of-04",
  "shard_total_examples": 519
}
