{
  "total_examples": 519,
  "has_error_accuracy": 0.6377649325626205,
  "error_step_accuracy": 0.5028901734104047,
  "joint_accuracy": 0.5028901734104047,
  "by_difficulty": {
    "easy": {
      "total_examples": 134,
      "has_error_accuracy": 0.7835820895522388,
      "error_step_accuracy": 0.582089552238806,
      "joint_accuracy": 0.582089552238806
    },
    "expert": {
      "total_examples": 132,
      "has_error_accuracy": 0.5984848484848485,
      "error_step_accuracy": 0.49242424242424243,
      "joint_accuracy": 0.49242424242424243
    },
    "hard": {
      "total_examples": 132,
      "has_error_accuracy": 0.5757575757575758,
      "error_step_accuracy": 0.44696969696969696,
      "joint_accuracy": 0.44696969696969696
    },
    "medium": {
      "total_examples": 121,
      "has_error_accuracy": 0.5867768595041323,
      "error_step_accuracy": 0.48760330578512395,
      "joint_accuracy": 0.48760330578512395
    }
  },
  "model": "mistral-medium-2508",
  "provider": "mistral",
  "api_model": "mistral-medium-2508",
  "input_path": "/Users/huydang/Emoji-Bench/artifacts/emoji-bench-mixed-2000/test.jsonl",
  "output_dir": "/Users/huydang/Emoji-Bench/artifacts/evals/emoji-bench-mixed-2000-mistral-medium-2508/shard-01-of-04",
  "predictions_path": "/Users/huydang/Emoji-Bench/artifacts/evals/emoji-bench-mixed-2000-mistral-medium-2508/shard-01-of-04/predictions.jsonl",
  "num_shards": 4,
  "shard_index": 1,
  "shard_label": "shard-01-of-04",
  "shard_total_examples": 519
}
