{
  "total_examples": 514,
  "has_error_accuracy": 0.6459143968871596,
  "error_step_accuracy": 0.5058365758754864,
  "joint_accuracy": 0.5058365758754864,
  "by_difficulty": {
    "easy": {
      "total_examples": 131,
      "has_error_accuracy": 0.7404580152671756,
      "error_step_accuracy": 0.5648854961832062,
      "joint_accuracy": 0.5648854961832062
    },
    "expert": {
      "total_examples": 124,
      "has_error_accuracy": 0.6532258064516129,
      "error_step_accuracy": 0.5241935483870968,
      "joint_accuracy": 0.5241935483870968
    },
    "hard": {
      "total_examples": 118,
      "has_error_accuracy": 0.6101694915254238,
      "error_step_accuracy": 0.4661016949152542,
      "joint_accuracy": 0.4661016949152542
    },
    "medium": {
      "total_examples": 141,
      "has_error_accuracy": 0.5815602836879432,
      "error_step_accuracy": 0.46808510638297873,
      "joint_accuracy": 0.46808510638297873
    }
  },
  "model": "mistral-large-2512",
  "provider": "mistral",
  "api_model": "mistral-large-2512",
  "input_path": "/Users/huydang/Emoji-Bench/artifacts/emoji-bench-mixed-2000/test.jsonl",
  "output_dir": "/Users/huydang/Emoji-Bench/artifacts/evals/emoji-bench-mixed-2000-mistral-large-2512/shard-02-of-04",
  "predictions_path": "/Users/huydang/Emoji-Bench/artifacts/evals/emoji-bench-mixed-2000-mistral-large-2512/shard-02-of-04/predictions.jsonl",
  "num_shards": 4,
  "shard_index": 2,
  "shard_label": "shard-02-of-04",
  "shard_total_examples": 514
}
