{
  "total_examples": 463,
  "has_error_accuracy": 0.8639308855291576,
  "error_step_accuracy": 0.8639308855291576,
  "joint_accuracy": 0.8639308855291576,
  "by_difficulty": {
    "easy": {
      "total_examples": 101,
      "has_error_accuracy": 0.9603960396039604,
      "error_step_accuracy": 0.9603960396039604,
      "joint_accuracy": 0.9603960396039604
    },
    "expert": {
      "total_examples": 132,
      "has_error_accuracy": 0.8636363636363636,
      "error_step_accuracy": 0.8636363636363636,
      "joint_accuracy": 0.8636363636363636
    },
    "hard": {
      "total_examples": 118,
      "has_error_accuracy": 0.7966101694915254,
      "error_step_accuracy": 0.7966101694915254,
      "joint_accuracy": 0.7966101694915254
    },
    "medium": {
      "total_examples": 112,
      "has_error_accuracy": 0.8482142857142857,
      "error_step_accuracy": 0.8482142857142857,
      "joint_accuracy": 0.8482142857142857
    }
  },
  "model": "gpt-5.4",
  "provider": "openai",
  "api_model": "gpt-5.4",
  "input_path": "/Users/huydang/Emoji-Bench/artifacts/emoji-bench-mixed-2000/test.jsonl",
  "output_dir": "/Users/huydang/Emoji-Bench/artifacts/evals/emoji-bench-mixed-2000-gpt-5-4/shard-03-of-04",
  "predictions_path": "/Users/huydang/Emoji-Bench/artifacts/evals/emoji-bench-mixed-2000-gpt-5-4/shard-03-of-04/predictions.jsonl",
  "num_shards": 4,
  "shard_index": 3,
  "shard_label": "shard-03-of-04",
  "shard_total_examples": 463
}
